genus_id,sample001,sample002,sample003,sample004,sample005,sample006,sample007,sample008,sample009,sample010,sample011,sample012,sample013,sample014,sample015,sample016,sample017,sample018,sample019,sample020,sample021,sample022,sample023,sample024,sample025,sample026,sample027,sample028,sample029,sample030,sample031,sample032,sample033,sample034,sample035,sample036,sample037,sample038,sample039,sample040,sample041,sample042,sample043,sample044,sample045,sample046,sample047,sample048,sample049,sample050,sample051,sample052,sample053,sample054,sample055,sample056,sample057,sample058,sample059,sample060,sample061,sample062,sample063,sample064,sample065,sample066,sample067,sample068,sample069,sample070,sample071,sample072,sample073,sample074,sample075,sample076,sample077,sample078,sample079,sample080,sample081,sample082,sample083,sample084,sample085,sample086,sample087,sample088,sample089,sample090,sample091,sample092,sample093,sample094,sample095,sample096,sample097,sample098,sample099,sample100
Acidaminococcus,0,0,0,2,0,0,0,0,0,0,0,0,40,0,0,0,0,0,0,0,0,1,0,0,0,0,0,0,0,0,0,0,0,0,0,0,0,0,0,0,0,0,0,0,0,0,0,0,0,0,0,0,0,0,0,1,0,0,2,1,0,0,0,0,0,0,0,0,0,0,0,0,0,0,0,0,0,0,0,0,0,0,0,0,8,0,0,0,0,0,0,0,0,0,0,0,0,1,0,0
Adlercreutzia,0,2,2,0,0,16,0,8,11,19,3,2,0,0,29,1,15,0,1,0,1,0,0,0,1,0,1,2,10,0,1,1,21,0,6,1,1,8,0,8,0,0,3,57,0,0,0,1,0,0,1,25,6,11,2,16,4,2,5,1,8,37,0,0,0,33,0,1,1,9,1,0,0,0,1,1,2,0,5,9,0,1,0,44,5,0,3,1,0,3,0,4,43,3,1,0,2,15,4,0
Agathobacter,9300,2534,336,1783,1879,62,109,1155,2849,1016,126,960,3255,140,3412,541,126,73,714,1153,5289,629,140,1442,1354,157,130,3651,487,415,1057,2530,329,877,113,165,972,1729,406,892,1244,832,5355,527,419,598,1366,2887,9063,188,176,9156,74,567,381,445,434,712,4066,2901,161,250,1045,1439,2372,1309,630,697,2406,455,171,728,34,1420,2647,203,281,9,822,2385,576,2005,1056,563,462,1110,1894,1279,436,1433,2288,1851,6014,337,124,189,478,424,37,496
Aggregatibacter,12,0,4,0,0,0,1,0,3,1,0,0,0,8,0,0,15,15,0,0,1,1,28,0,1,0,1,0,2,1,0,0,0,23,2,1,0,0,0,0,47,1,2,0,0,0,1,3,1,0,0,1,816,0,0,1,0,1,0,0,21,2,7,0,0,1,0,1,1,25,69,0,0,0,6,0,1,0,0,1,1,0,2,0,2,1,22,1,0,0,0,11,0,2,8,0,1,1,0,3
Akkermansia,1436,0,0,48,1,33,7289,5,910,11,5,17,7,13,1,3283,1593,29,1,11,5,0,2077,484,4,60,1802,1,14,3,1,15,2231,17,0,3,1028,65,0,478,31,440,2,1036,14563,11,2,1,55,175,337,66,778,19,7,147,3,24,5,3,78,16,4,31,4617,12,1,2914,11,6061,3,2,15,6,1,1812,2,12,2175,41,0,16,276,0,52,11,1,1389,2012,1,2004,88,23,3,1,0,191,91,39,4
Alistipes,12,2665,17,1248,2591,53,566,682,1052,150,3669,761,30,47,38,1988,10,47,164,71,311,40,5504,41,5307,829,96,175,1016,44,509,11,6772,31,386,686,3999,733,29,160,1874,2747,457,542,844,99,34,1604,1290,757,439,835,1861,839,2775,46,1246,2556,242,574,249,166,823,1537,660,208,821,2287,281,865,483,42,1790,518,93,2221,19,2503,280,1072,1354,39,2106,1152,2039,363,1098,1065,91,25,884,12,764,138,403,236,64,3572,247,840
Alloprevotella,1,12,0,0,1,7,0,1,0,1,1,0,3,45,15,1,2,2,0,4,2,1,5,5,0,0,3,3608,0,2,2,1,0,2,2,0,0,1,69,1,0,1,0,0,1,0,1,74,3,16,0,4,10,3,1,2,1,2,3,8,37,1,3,4,0,2,2,0,2,1,0,223,0,2,1,0,3,1,1,3,4,0,2,2,3,865,2,3,1,2,0,0,2,3,2,3,0,152,1,2
Anaerostipes,109,254,508,91,50,248,260,395,12,16,212,239,75,1187,76,86,119,507,154,156,180,648,129,254,44,221,96,233,434,142,49,140,179,195,107,420,220,351,774,858,37,53,332,127,32,497,383,48,316,67,655,190,311,40,145,561,278,591,818,87,59,377,16,31,153,1178,55,88,402,91,210,345,184,3906,249,974,1020,28,164,355,228,496,38,575,451,526,538,791,160,86,807,191,229,282,122,210,388,99,46,123
Anaerotruncus,1,2,0,0,2,0,16,1,0,1,0,2,11,0,1,0,0,22,5,0,8,0,0,0,4,59,1,1,4,0,2,0,0,0,0,4,0,5,0,2,10,2,1,0,2,0,4,1,0,0,3,0,2,0,0,0,1,0,6,0,0,0,2,0,0,2,2,0,0,0,0,1,3,0,0,4,5,0,0,0,7,0,0,1,6,0,0,7,0,0,2,0,0,5,1,0,1,3,0,0
Bacteroidales_RF16_group/uncultured_bacterium,1,187,1,32,0,1,2,0,1,0,2,1,0,7,437,2,0,1,0,0,0,1,137,1,0,1,5,2,1,1,0,482,0,2,2,1,0,1,4,444,0,119,260,1,1,2,0,0,2,4,1,0,7,2,0,0,1,2,1,2,0,1,312,5,0,0,0,2,1,1,3,274,2,184,0,219,1,0,0,1,3,1,0,1,0,1,1,1,289,0,2,19,0,1,0,0,4,1,3,3
Bacteroidales/unknown/unknown,0,17,97,1,2,0,2,13,1,0,1,61,0,0,1,238,1,132,1,9,0,0,1,0,1,0,0,1,0,0,0,0,1,1,0,7,0,0,0,52,1,1,1,1,0,0,0,0,22,0,3,0,1,0,470,4,0,1,8,2,0,962,0,0,1,8,0,5,1,15,16,1,1,0,12,0,23,0,1,0,0,140,2,29,23,7,0,0,3,2,5,51,8,0,0,0,0,0,3,0
Bacteroides,3518,6593,6059,14031,11138,8094,5374,13956,32886,22919,1991,19717,8016,18261,1592,2970,5904,18057,9217,5642,10980,17668,19582,9982,24001,5477,5003,15172,29643,11673,6358,11326,8059,8679,1585,4141,10288,12750,17416,20820,3860,5740,16674,7110,18042,31657,2730,1167,46461,11615,18079,14353,8620,9094,14624,3596,12868,2825,14583,655,8831,2287,1556,5215,6497,4166,3978,14140,3795,19012,15847,12798,8932,20400,20146,11990,5913,8914,4965,590,13075,8110,3664,2606,9842,4718,9379,7309,4139,5094,14175,14423,2776,2694,2909,7855,3102,10413,26785,12947
[Bacteroides]_pectinophilus_group,1,0,0,0,1,0,1,0,0,0,0,0,0,1,1,0,0,0,5,1,0,31,0,0,0,0,0,0,0,0,0,0,0,0,1,0,106,2,0,0,1,0,0,0,0,0,122,0,1,2,0,92,1,0,0,1,0,0,1,0,82,0,0,0,1,0,0,4,0,0,1,2,0,0,4,0,0,2,0,0,0,2,2,0,0,0,0,0,0,0,3,0,0,0,0,1,0,0,0,1097
Barnesiella,6,1,1,56,151,0,592,2,29,4,11,4,2,32,4,10,87,1,3,573,1,233,320,72,6,10,2,5,0,142,276,1,3,8,5,1,179,12,2,432,7,2,0,1407,3,14,103,9,515,3,3,190,2,27,11,1,2,240,0,4,2,0,152,1,2,1,146,0,23,16,0,2,35,6,4,0,2,1,2,1,199,102,342,1,0,140,631,721,2,9,15,0,242,9,55,33,101,2,114,347
Barnesiellaceae/uncultured,0,0,0,0,0,0,0,1,1,0,0,0,0,2,0,0,1,2,0,271,0,0,1,0,0,0,0,0,0,0,0,3,0,0,1,0,0,0,6,0,0,0,0,0,0,62,0,2,2,0,0,3,1,0,0,1,0,3,0,0,0,0,0,0,0,0,0,0,0,1,0,0,0,0,2,0,0,0,1,305,0,0,0,0,0,0,1,9,0,0,0,15,0,0,0,0,1,0,1,5
Bifidobacterium,63,7,2,80,3,3,9,0,10,16,9,22,242,1162,2,466,4,846,4,7,5,27,17,17,1382,6,17,2,1,15,1,5,7,41,49,1,5,21,58,3,3,325,73,4,284,260,3,3,785,346,13,2,49,4,37,5,67,9,3,243,0,137,11,56,163,2,192,266,19,3,12,8,41,21,9,478,5,5,10,0,19,0,2,105,2,499,670,57,4,35,550,3,46,20,8,57,53,5,0,3
Bilophila,0,13,3,3,22,2,0,0,0,35,7,0,6,0,14,3,64,7,0,23,16,174,0,0,0,3,136,10,0,1,1,41,0,0,0,3,0,1,0,1,5,8,7,1,0,0,7,0,15,3,8,2,6,13,2,29,0,8,3,2,0,0,0,0,27,5,145,1,10,4,16,2,0,2,10,4,0,2,0,0,0,13,3,6,0,2,4,4,0,0,1,0,0,0,2,5,13,58,0,5
Blautia,1182,674,1926,2423,370,687,1248,986,1814,1350,203,392,426,231,255,393,1368,182,1418,1570,5005,4026,1760,573,243,634,2393,481,787,453,7062,1113,3267,408,4100,1968,1984,658,1147,823,461,4727,362,904,2781,314,466,713,566,1497,524,913,1325,2381,4160,746,1533,358,417,658,505,1723,5097,1627,1989,1439,1126,315,1775,2246,1890,1427,1075,1756,229,2751,610,5406,3789,1514,1155,730,480,431,707,5461,1085,405,1670,968,1838,1528,1387,1096,374,2137,1065,861,1569,246
Butyricicoccus,1,11,18,22,29,5,43,105,16,23,188,6,41,1,22,3,31,24,2,17,39,1,38,5,126,30,0,56,5,11,0,16,27,1,0,29,9,25,13,8,2,16,18,7,31,23,12,23,24,58,24,18,80,83,24,25,28,71,2,37,15,25,1,15,12,14,15,35,17,10,6,39,17,55,8,20,0,33,48,8,21,22,13,4,4,6,20,16,51,21,1,90,5,35,1,11,1,5,29,29
Butyricimonas,40,0,0,0,11,1,1,0,66,3,0,1,4,7,12,26,15,0,0,0,27,0,6,8,1,5,3,1,2,21,1,8,0,0,0,0,2,0,32,14,2,449,0,71,0,0,0,0,0,1,22,1,3,1,0,0,2,0,0,47,0,0,0,9,0,1,0,0,1,1,8,1,12,0,0,0,61,3,0,1,0,2,94,0,0,27,0,7,0,1,1,1,10,44,0,0,0,0,1,0
Butyrivibrio,7,53,116,1,3,35,78,2851,42,159,76,15,22,15,50,84,13,6,11,19,10,24,77,154,6,27,191,1,64,6,98,14,7,9,19,2,2,23,253,21,1,50,5,4,16,39,19,2,54,11,10,1370,1316,31,4,17,26,42,38,2,29,29,149,8,113,47,76,6,20,50,110,76,76,36,41,12,9,4,26,294,4,24,35,7,153,7010,3,6,64,19,11,97,30,12,682,84,111,20,4,12
CAG-352,1,1,0,0,1,1,3,1,0,2,5,1,1,1,1,0,1,19,3,169,7,616,1,1513,418,0,116,7,2,1,10,0,8,26,28,0,2,16,3,1,2,1,30,186,2,1,2,2,2,4,1,4,4,113,4,2,0,2,3,2,1,33,21,2,5,9,0,4,0,1,138,1,3,0,87,6,10,3,0,0,6,0,1,0,0,3,227,0,0,3,7,4,4,2,25,0,0,164,1,2
CAG-873,0,0,0,0,0,0,0,1,0,0,0,0,0,0,0,0,0,0,0,0,0,0,0,0,0,0,0,0,0,0,0,0,0,0,0,0,0,0,0,0,0,0,0,0,3,0,0,0,0,0,0,0,1,0,0,0,0,0,0,0,0,0,0,0,0,0,0,0,0,0,0,0,0,0,0,0,0,0,0,0,0,0,0,0,0,0,0,0,0,0,0,0,0,0,0,0,1,0,0,0
Candidatus_Stoquefichus,0,0,0,0,288,0,0,0,4,0,13,1,1,0,1,0,0,1,0,0,3,0,11,0,0,0,0,0,55,0,1,3,1,0,0,0,0,30,5,0,0,0,0,1,1,0,1378,0,0,0,0,0,2,1,0,1,0,0,10,129,0,1,0,1,0,0,0,5,1,1,4,2,6,1,0,0,0,0,0,0,0,3,69,0,0,0,0,0,0,0,0,0,0,0,0,1,1,2,0,0
Catenibacterium,1,0,5,4,6,0,0,1991,3,3,0,0,3,34,2,9,1,6,0,4,0,0,1,2,1,2,3769,5,0,2,420,0,0,2,0,0,4,6655,1,1,3,1,0,2,333,469,3,0,3,1,529,4,7,2,0,2,4,5,4,227,12,3,3,3,2084,2,0,0,2,0,0,1,2,1,0,1,1,1,3,0,0,3,2,1,0,1,0,1,6,1,3,2,2,5,2,4,3,729,1,9
Christensenellaceae_R-7_group,29,18,424,4,10,45,7,50,561,5,1400,27,7,27,11,188,4,263,46,2662,1,420,6,202,14,4,119,4,29,0,7,327,28,233,53,37,16,5,93,76,14,145,4,73,97,31,66,3042,154,7,4,5,19,6,4102,8,479,16,2,518,8,16,251,3,63,2,312,253,95,837,134,156,1,9,77,80,7,65,387,39,12,93,220,14,126,1601,11,52,8,52,1195,2,26,8,743,132,51,1274,893,85
Cloacibacillus,0,1,66,67,0,0,0,0,0,0,0,26,0,0,0,1,0,2,0,0,4,0,3,0,0,0,20,0,14,0,0,1,0,23,0,7,0,0,0,0,0,11,0,0,4,8,2,8,0,0,0,8,7,1,0,0,2,1,3,0,0,0,26,6,0,0,1,1,0,1,1,0,0,0,1,0,0,0,0,13,1,5,3,0,0,2,0,0,1,0,0,1,0,0,0,8,1,1,0,0
Clostridiales/unknown/unknown,0,0,0,0,0,0,0,0,0,0,0,1,0,0,0,0,0,0,0,0,0,0,0,0,0,0,0,0,0,0,0,0,0,0,0,0,0,1,0,0,0,0,0,0,0,0,0,0,0,0,0,0,0,0,0,1,0,0,0,0,0,0,0,0,0,0,0,0,0,0,0,0,2,0,0,0,0,0,2,0,0,0,0,0,0,0,0,0,1,0,0,0,0,0,0,0,0,0,0,0
Clostridiales_vadinBB60_group/uncultured_bacterium,3,1,0,0,2,512,75,0,1,0,0,1,3,1,88,0,1,518,0,0,2,4,1,2,117,0,2,0,0,0,2,0,4,3,0,0,2,1,0,0,2,0,0,13,2,0,0,0,0,0,0,0,0,1,0,1,44,4,0,0,1,0,981,0,0,1,0,0,0,4,1,1,0,1,1,0,0,3,1,3,0,0,2,7,0,1,0,0,0,0,0,0,3,2,1,0,0,1,0,2700
Clostridiales_vadinBB60_group/uncultured_organism,0,1,67,0,0,3,15,0,0,5,0,5,0,0,0,0,12,0,0,0,15,0,0,0,0,39,29,0,19,0,0,1,5,0,0,0,0,6,0,0,1,1,1,14,0,0,0,0,0,0,0,1,0,0,0,0,27,0,0,0,103,98,0,1,0,34,0,0,0,0,1,0,0,31,0,0,0,0,0,0,2,0,0,0,0,15,0,0,48,0,88,1,0,0,0,1,0,0,2,1
Clostridium_sensu_stricto_1,9,1,3,420,11,1,2,3,3,1,2,390,905,2,1070,1,12,447,58,2,7,9,7,7,19,29,5,148,116,220,3,80,57,1,822,2,1,47,1293,2,1,386,2,267,13,25,8,16,5,4,2768,7,11,0,4,11,1,23,3,8,2,0,81,4,16,187,122,2,2824,12,10,2,0,1,115,17,11,29,341,50,11,219,0,1105,8542,300,1,1819,3,3,99,2,5,0,27,10,4,673,23,2
Collinsella,553,25,130,137,224,1192,32,32,61,109,20,314,53,28,17,546,150,23,101,2,172,164,139,105,932,25,51,1,36,218,117,40,469,127,1096,62,114,22,356,6,144,7,66,96,19,804,88,30,224,295,130,33,87,4,168,149,190,55,88,28,1,130,73,61,441,70,25,9,10,11,76,1251,313,36,109,214,389,58,31,42,69,8,227,6,66,143,93,49,89,129,160,4,33,117,0,7,1,129,76,89
Coprobacillus,0,0,0,0,0,0,0,1,0,1,1,0,0,0,0,0,4,0,1,0,0,0,0,0,0,0,8,0,0,0,0,0,0,0,0,4,0,0,5,1,0,0,1,4,0,2,0,3,0,0,8,0,0,0,11,8,0,0,0,0,1,0,2,0,1,2,0,0,0,0,17,1,0,0,0,0,1,0,0,0,1,0,0,3,0,0,0,0,0,0,0,2,2,0,4,1,1,0,0,1
Coprobacter,0,0,5,2,0,2,1,0,2,0,0,1,0,1,827,1,0,0,42,12,0,0,0,0,0,1,0,0,99,1,0,0,0,17,0,0,0,0,0,2,0,0,1,2,2,764,1,1,0,0,0,188,2,1,1,7,1,0,0,0,0,50,1,13,0,20,0,0,1,1,1,2,229,0,29,0,0,49,0,0,0,32,21,13,0,0,0,1,0,0,8,4,0,0,1,0,0,1004,0,1
Coprococcus_1,3,1,0,1,1,2,5,10,0,1,0,0,2,0,0,1,0,0,0,0,0,0,0,0,17,0,0,1,3,0,0,0,1,0,0,0,0,14,0,0,0,35,0,1,0,2,1,0,0,0,0,1,0,0,0,0,1,2,0,0,2,0,0,0,0,0,0,154,0,2,0,0,0,2,0,0,0,0,14,1,0,2,0,1,7,0,0,0,1,11,0,0,0,5,35,0,0,0,1,0
Coprococcus_2,21,15,139,6,384,204,18,22,110,143,7,149,31,18,80,51,6,79,11,38,4,359,148,6,233,163,1,4,51,23,45,16,8,18,354,36,591,8,85,1501,32,5,16,125,16,27,295,150,15,11,92,1013,78,39,4,179,90,2802,59,8,117,165,92,28,22,6,21,110,173,116,22,142,24,112,1061,52,39,11,44,116,1461,28,157,121,74,3,6,86,72,32,31,25,92,1,72,46,451,18,26,2
Coprococcus_3,1,3,13,33,2,23,1,7,22,1,14,3,5,8,2,2,5,7,9,0,6,7,57,29,27,5,127,0,0,12,13,26,14,1,14,302,0,0,5,38,34,4,5,39,4,61,13,11,11,55,100,2,31,5,8,47,10,65,8,0,12,5,7,19,4,1,1,18,10,1,0,12,2,53,121,3,7,4,15,0,4,7,0,7,33,4,14,18,32,89,45,144,27,18,52,16,13,13,0,1
Coriobacteriales_IS/uncultured,4,1,40,0,2,0,1,11,0,24,0,2,0,13,1,0,45,4,1,2,1,1,0,6,3,1,5,10,5,0,0,24,7,3,0,0,21,4,0,21,1,0,1,1,2,45,0,1,2,14,8,5,5,0,1,289,0,0,13,2,2,3,0,3,37,0,0,1,8,2,0,0,1,54,0,5,0,70,9,2,95,1,7,293,3,0,0,3,2,0,169,17,30,26,0,4,0,10,0,1
Desulfovibrio,2,0,0,0,1,116,1,7,0,5,1,0,0,0,0,0,0,0,0,0,0,312,0,0,0,0,0,0,0,0,0,0,0,399,0,1,0,0,460,0,0,0,0,0,2,0,0,0,51,0,1,0,265,0,0,0,0,0,0,0,0,0,0,0,0,0,0,1,0,0,0,2,0,0,0,0,9,2,0,1,0,0,1,0,2,9,0,0,0,0,0,0,0,0,0,0,0,0,0,0
Dialister,322,4,3,160,5,1,1,12,12,620,3,2,136,0,0,0,1,117,196,1,3,0,0,26,12,3,6,16,356,490,1,0,286,1,5,41,1,880,0,391,2,2,246,1,0,0,2,7,11,1,1,8,258,0,6,4,638,8,1,204,19,45,9,2,102,2,5,5,0,1,1,4,53,2,0,6,1,1,342,186,0,0,2,1,1,145,242,3,326,1,93,7,7,0,79,0,20,865,0,3
Dorea,29,112,67,168,27,12,272,59,77,139,190,132,25,141,274,18,327,167,60,251,21,29,45,402,33,128,67,19,206,38,75,697,289,43,182,126,85,181,1061,39,95,386,42,5,143,31,210,152,152,490,108,46,182,208,104,178,157,467,14,152,50,174,74,312,14,123,38,30,157,118,300,75,41,22,28,11,204,122,15,96,125,238,49,595,3,5,101,117,97,90,99,360,108,102,117,191,191,309,1120,199
DTU089,0,0,0,6,17,0,9,0,4,0,0,1,1,0,6,2,0,2,1,12,48,1,1,8,2,0,10,4,0,2,5,54,7,0,2,0,12,3,3,97,0,2,14,1,7,0,12,1,1,6,0,6,0,1,21,1,0,1,4,15,0,0,14,89,9,1,6,7,4,0,3,0,2,0,0,6,3,0,0,4,4,11,1,1,3,2,1,3,1,0,20,0,4,0,0,4,1,0,2,7
Eggerthella,1,0,0,0,0,1,1,0,0,0,0,0,0,0,0,0,1,3,0,0,5,0,0,3,4,0,5,1,37,12,0,0,5,2,1,0,0,17,1,2,3,6,6,0,0,2,0,0,0,1,0,0,0,0,0,0,1,6,0,4,1,2,0,0,0,0,1,0,1,1,4,0,0,0,1,1,5,0,0,0,0,0,0,0,4,6,1,5,0,0,8,0,0,0,0,1,0,1,1,1
Eisenbergiella,11,1,0,2,1,12,2,83,0,0,0,1,2,9,0,2,2,2,2,1,0,0,11,0,14,5,26,0,12,0,0,3,3,2,0,4,0,0,0,3,211,0,10,1,2,2,1,12,4,0,14,0,12,1,1,9,3,2,3,2,28,4,4,1,3,0,3,4,0,3,1,2,2,33,1,2,1,46,4,0,0,0,1,2,0,14,0,1,8,0,11,12,0,0,5,5,3,5,0,1
Enterobacter,0,129,2,3112,0,42,4,0,2,0,6,0,2,35,87,0,2,0,2,0,0,1,0,0,1,0,5,0,0,1,0,0,0,1,3,0,74,0,21,0,4,0,0,1,0,10,3,90,0,2,0,3,0,0,18,2,0,2,2,2,2,29,305,0,19,2,0,0,51,36,1,241,0,34,0,0,2,27,9,1,5,16,5,0,3,0,0,173,4,2,4,50,11,0,1,568,0,0,3,0
Enterococcus,0,0,52,0,0,0,6,0,0,0,0,0,0,0,0,0,0,0,0,0,1,0,0,0,0,0,1,0,0,0,0,0,0,0,1,4,0,0,0,1,0,2,0,0,1,0,0,0,0,0,0,0,0,0,0,0,0,0,0,0,3,0,0,0,7,0,0,0,0,30,7,0,0,0,0,2,0,0,0,0,0,0,0,0,0,0,0,0,1,0,0,0,0,0,1,22,0,0,0,0
Enterorhabdus,55,258,22,11,3,12,2,0,255,6,2,161,125,0,19,29,52,1,1,50,3,2,87,1,5,181,153,4,8,5,3,7,91,1,2,0,91,34,14,4,327,7,74,12,0,106,8,57,481,3,10,11,37,2,18,7,160,20,2,37,9,1,6,24,5,1,0,77,25,38,70,5,4,1,841,155,69,36,21,66,3,60,20,14,2,10,23,127,6,3,27,40,7,3,38,17,45,68,9,95
Erysipelatoclostridium,27,116,11,4,2,5,153,336,28,116,62,137,4,4,233,3,217,11,16,4,248,3,13,37,3,31,0,30,19,36,78,30,40,5,63,9,11,0,5,99,12,4,254,97,18,0,4,12,8,14,47,17,73,25,657,2,58,2,3,4,22,120,157,216,12,157,5,40,6,29,149,2,189,18,12,35,17,72,35,2,28,4,3,3,4,1,5,5,3,29,59,98,83,3,23,87,277,5,7,9
Erysipelotrichaceae_UCG-003,61,130,0,3541,11,4,5,25,5,7,522,542,7,45,1,39,47,16,5,2,16,72,0,54,209,640,1,7,0,475,255,304,2,5,8,90,21,137,121,58,186,512,317,41,328,16,175,30,5,448,1,222,16,19,19,2467,111,83,97,3,1420,95,11,7,7,21,391,3,14,24,1662,11,532,6,10,142,9,227,9,534,7,8,751,68,47,6,90,156,8,7,2202,5,3,11,42,3,877,4,245,1
Escherichia-Shigella,2,6837,135,17,4,8,4,35,319,8,26,589,9,39,10,0,112,85,5117,72,58,143,58,4,21,24,86,17,414,17,7,680,7,3,11,50,33,35,357,1938,18,42,9,20,30,17,48,2,20,31,485,41,5,20,5,346,14,5,71,5,13,182,3752,244,3,4,35,10,29,1232,10,645,17,23,296,3,1,11,60,165,32,6051,264,78,3,37,513,308,25,6,33,106,45,41,17286,7,74,6,129,8
[Eubacterium]_coprostanoligenes_group,3,149,67,5,219,555,800,347,53,1323,86,13,518,812,5,338,1697,215,283,311,92,13,14,642,80,93,29,793,546,188,2,275,111,173,376,490,177,107,286,39,138,1229,84,61,263,592,77,405,579,10,466,215,232,564,297,32,33,264,1651,1854,76,397,81,195,77,846,310,915,391,162,51,38,207,128,2549,107,85,15,2006,63,28,114,45,74,20,90,335,50,20,97,137,80,12,21,280,11,43,180,16,2405
[Eubacterium]_eligens_group,204,236,160,691,66,12,200,71,6,75,206,4,201,334,220,251,445,8,28,1404,8,99,972,254,125,19,2,166,311,425,31,847,69,9,22,20,89,30,96,18,75,153,1,109,334,328,45,2,51,218,138,8,559,1602,20,51,7,124,109,585,599,518,301,156,38,85,1020,141,89,15,25,25,630,32,1248,718,1483,15,86,247,134,24,317,297,138,8,207,41,103,53,146,2,435,46,176,16,58,27,5,116
[Eubacterium]_fissicatena_group,4,0,0,1,0,2,0,0,1,0,1,2,0,2,6,4,1,1,0,0,0,3,8,18,6,5,4,4,0,0,0,1,1,2,4,0,0,1,1,1,0,1,0,0,0,0,0,0,0,5,0,0,1,5,0,2,3,1,0,6,0,1,0,0,2,1,1,2,0,5,0,16,4,0,0,1,1,0,3,1,0,0,1,7,0,2,6,0,2,0,3,3,0,2,0,5,0,1,0,0
[Eubacterium]_hallii_group,22,405,394,312,465,18,28,1180,33,122,53,165,617,88,359,54,152,160,1257,208,138,70,75,324,1275,8,125,124,148,259,13,239,615,239,238,310,343,230,466,226,253,16,340,1206,1065,561,28,209,224,135,798,41,607,206,98,529,307,231,111,315,773,181,854,121,145,89,292,8,80,199,286,200,82,203,5,410,216,818,157,395,174,88,51,494,78,51,88,142,386,33,150,257,204,129,293,42,115,90,186,28
[Eubacterium]_oxidoreducens_group,36,0,7,5,0,0,6,4,4,36,158,29,0,45,1,62,103,25,2,250,17,100,2,5,20,1,186,1,2,1,18,1,5,2,95,86,86,65,0,6,4,1,30,2,41,2,1,5,4,3,1,1,7,2,28,4,33,12,21,1,0,542,27,8,2,6,11,73,1,31,14,114,7,1,1,988,4,41,0,0,2,119,23,9,0,13,1,2,2,1,832,96,7,0,0,0,0,1,3,3
[Eubacterium]_ruminantium_group,10,16,4,644,3,0,3,62,4,2,194,2,3,7,20,1,6,4,0,1,401,3,1,9,1,2,3,0,6,1,0,5,65,30,66,195,26,30,19,5,40,58,2,6,71,12,45,4,3,1,33,1,1,2,1,1,196,187,1,0,3,130,1,5,0,9,62,79,79,3,1,10,36,21,1,19,3,372,134,358,5,1,1,73,3,11,56,0,9,26,0,107,3,8,1,1,10,4,20,273
[Eubacterium]_ventriosum_group,0,10,0,107,1,0,16,89,1,73,1,9,51,99,61,59,176,21,1,39,2,4,26,1,64,74,27,497,9,3,8,5,35,299,124,123,1,0,96,46,28,11,1,28,8,0,119,1,2,58,9,33,5,10,18,1,14,17,10,48,1,25,19,2,7,17,24,33,37,62,7,36,2,0,67,83,0,0,7,16,28,115,14,11,8,2,19,1,6,7,4,37,1,17,76,2,7,22,129,9
[Eubacterium]_xylanophilum_group,23,0,0,2,31,9,0,14,55,1,7,0,1,1,23,0,1,245,0,70,0,4,1,78,106,75,0,9,3,1,1,0,27,176,11,27,15,134,44,1,0,36,10,2,0,129,26,10,0,7,1,26,5,12,14,1,0,8,2,236,35,78,2,6,102,1,15,0,1,193,32,39,26,3,12,0,15,1,36,1,2,4,6,9,1,14,96,46,72,0,55,3,3,5,2,0,0,2,68,0
Faecalibacterium,2611,2189,4749,3792,5865,9842,9336,6640,3268,2369,2285,2286,6699,1307,4086,2004,781,2754,201,1122,2255,1456,661,5874,14624,15,820,163,6577,6055,1578,2176,2741,289,14016,92,3721,3846,429,2354,2683,5677,747,1491,1937,2262,2332,4779,2858,3433,2026,2588,89,2779,8104,1568,4169,1016,1926,4331,1872,9745,11195,6696,5895,3710,1023,6697,791,4316,271,3331,1381,6381,323,3900,86,19243,2923,1162,984,2879,1125,2657,1648,2516,10634,3315,14276,4114,1227,1168,456,1499,578,5053,1666,1653,1765,3116
Faecalitalea,17,3,4,0,0,2,154,4,10,0,0,0,5,2,0,3,1,0,0,2,32,23,10,1,61,0,0,3,1,4,0,22,1,2,0,0,4,14,5,0,1,3,0,39,6,6,4,0,12,7,6,0,2,0,0,14,5,12,3,134,1,28,1,12,14,3,4,10,0,12,0,10,1,21,3,729,0,0,3,5,2,0,2,0,1,1,11,83,0,1,0,7,9,3,0,0,0,2,4,3
Family_XIII_AD3011_group,13,2,16,6,0,2,1,27,0,3,10,0,0,6,0,1,2,4,1,0,0,0,0,7,0,0,0,0,0,0,14,0,17,1,2,10,3,0,2,5,0,7,0,0,1,5,14,0,11,0,83,0,2,1,34,2,0,5,2,11,1,4,0,13,0,0,2,0,1,16,1,8,1,4,0,9,19,0,23,10,14,9,5,0,1,1,8,8,1,0,5,16,0,0,1,0,26,0,19,2
Family_XIII_UCG-001,0,0,3,0,0,0,14,4,0,12,22,0,0,0,1,8,4,0,27,0,0,14,0,0,0,0,0,1,0,1,0,0,0,10,0,21,0,0,1,3,1,0,1,0,25,0,0,6,4,0,0,6,13,0,0,0,0,12,0,7,0,0,5,0,28,0,4,0,0,6,9,6,1,0,3,0,0,0,0,8,0,0,0,0,0,0,0,9,0,1,0,1,2,0,0,4,4,1,0,7
Firmicutes_bacterium_CAG:345,0,0,0,0,0,0,0,0,0,0,0,0,0,0,0,0,0,0,0,0,0,0,0,0,0,0,0,0,0,0,0,0,0,0,0,0,0,0,0,0,4,1,0,0,0,0,0,0,0,3,0,0,0,0,0,0,0,0,0,0,0,1,0,0,0,0,0,0,1,0,0,0,0,0,0,0,0,0,0,0,0,0,0,0,0,0,0,0,0,0,0,0,3,0,0,0,0,0,2,0
Flavobacteriaceae/uncultured,4,0,0,0,0,26,0,0,0,0,0,0,2,117,0,0,0,0,0,0,0,0,0,0,0,0,0,0,0,35,0,0,1,5,0,0,0,0,0,0,0,0,0,0,0,0,0,0,0,0,0,0,0,0,0,0,0,0,0,0,0,0,0,0,0,0,0,0,0,0,0,0,0,0,0,0,0,0,0,0,0,0,0,0,0,0,0,0,0,0,0,4,0,1,0,0,0,0,0,0
Flavonifractor,66,2,41,4,22,5,27,9,0,13,7,3,24,134,2,148,83,8,22,3,22,118,31,12,148,56,45,1,22,9,73,21,283,0,2,4,87,51,66,13,4,143,0,6,70,45,20,6,52,0,22,10,249,16,19,7,2,15,9,8,13,9,3,13,60,44,24,31,715,23,1,206,16,1,5,16,422,458,54,85,1,17,19,2,0,63,7,1,1,179,118,29,13,22,8,3,18,2,6,8
Fournierella,0,0,0,0,0,0,0,0,1,5,2,0,0,0,0,0,0,128,0,0,1,0,0,1,1,0,0,6,0,0,1,0,0,0,0,0,0,0,1,1,0,30,0,0,0,1,0,0,0,0,1,0,0,0,0,0,0,0,1,1,0,0,0,0,0,0,0,0,0,0,0,0,0,0,0,0,0,0,1,0,1,31,0,0,0,3,0,0,0,26,0,0,0,0,0,0,38,0,0,0
Fusicatenibacter,511,1114,361,201,107,51,303,155,162,455,311,177,324,1149,171,240,311,272,101,65,537,451,67,470,344,387,69,210,207,41,190,1097,176,62,218,378,205,531,10,374,935,324,274,250,412,634,767,63,589,269,19,1256,917,139,490,113,800,42,211,4,1,842,15,81,42,25,99,135,198,212,199,279,207,453,400,188,219,661,143,267,424,158,214,55,176,74,35,22,198,136,230,17,279,241,157,283,151,83,99,303
Fusobacterium,2,5,0,0,2,2,17,0,0,0,11,219,0,1,3,3,0,0,2,0,0,2,0,2,5,1,0,1,174,1,4,3,1,170,0,14,0,0,1,0,2,58,3361,1,0,0,2,0,2,45,3,1,0,108,0,2,1,39,0,3,1,15,4,0,1,1,0,0,5,3,12,2,459,5,87,2,549,1,0,3,1,1,1,1,0,6821,10,2,1,0,0,2,0,7,0,3,4,4,0,1
Gastranaerophilales/uncultured_bacterium/unknown,0,0,0,0,0,0,0,1,2,2,0,0,0,3,108,0,1,0,1,0,0,1,0,28,0,1,0,0,0,0,0,38,0,0,1,0,0,0,1,149,0,0,0,0,0,0,0,0,0,1,1,0,0,0,0,0,0,1,0,0,0,0,18,0,0,1,0,0,0,2,0,0,0,0,3,0,3,0,0,0,0,0,0,231,0,0,174,0,0,0,0,0,0,0,0,0,0,0,2,0
GCA-900066575,4,0,0,11,11,1,4,14,0,4,1,20,0,0,1,17,5,0,6,4,0,20,1,50,2,10,1,6,1,0,1,1,0,3,2,0,6,29,8,0,0,1,99,1,8,0,0,5,7,3,0,16,0,4,0,1,0,8,0,0,1,12,0,5,0,6,4,0,0,3,2,0,0,0,0,44,0,0,7,0,8,22,0,0,0,0,0,0,8,9,0,0,10,45,5,5,1,5,6,0
gut_metagenome/unknown,0,0,1,1,0,0,2,807,1,0,0,5,0,0,1,1,1,0,58,0,0,1,0,0,0,0,25,0,0,176,0,3,1,0,0,14,0,0,1,0,1,0,1,0,2,1,0,0,1,1,0,0,6,0,0,1,0,17,0,0,0,0,0,0,0,0,0,55,0,0,1,1,0,0,11,2,1,0,0,2,2,3,45,2,0,1,3,0,1,36,8,2,2,0,2,0,0,0,1,0
Haemophilus,0,0,0,0,1,0,4,3,0,33,0,2,3,0,2,1,0,0,1,3,0,1,2,6,2,0,1,0,0,5,0,8,0,0,3,5,2,23,0,0,5,0,2,0,8,4,0,0,24,8,1,0,0,3,0,0,1,0,28,0,0,1,5,0,0,3,0,0,1,0,1,1,16,1,0,1,0,0,8,1,0,1,1,62,0,0,0,0,0,6,3,3,0,0,2,0,2,0,2,2
Holdemanella,1,5,23,4,198,2,1,3,6,1489,10,4,1,1,1,13,38,14,1,1269,99,0,1,9,1,12,2,0,0,2,3,3,145,188,1,57,3,6,163,0,0,1643,1291,7,0,53,1,0,1,8,3,129,6,0,48,6,47,2668,0,3,17,2,7,8,1,1,215,2,2,904,0,0,4,0,68,0,15,213,10,4,136,4,7,3,0,5,1536,110,4,0,1,3,230,6,0,9,3,3,43,0
Holdemania,10,5,0,0,1,3,0,0,0,0,0,5,2,0,0,0,1,0,0,5,10,1,5,5,0,0,0,1,1,0,4,1,0,4,48,4,2,1,0,9,0,3,12,31,19,24,13,1,0,1,0,0,1,0,1,0,37,3,3,0,0,0,3,0,0,1,0,10,0,0,0,0,0,0,1,2,0,6,1,1,0,14,13,1,0,10,0,0,0,0,1,0,0,0,7,0,10,0,0,8
Howardella,0,0,1,0,0,0,0,0,0,1,5,0,0,0,0,7,0,0,0,3,9,0,0,0,2,0,0,1,0,0,0,0,0,0,0,0,0,0,0,0,0,0,0,5,0,9,66,6,0,6,0,0,0,0,0,0,0,0,0,0,1,0,0,0,0,0,7,0,2,0,0,14,0,0,0,0,15,0,0,0,0,1,0,0,0,0,0,0,0,0,12,0,0,0,0,0,1,3,0,15
human_gut_metagenome/unknown,0,0,0,1,0,0,0,0,1,0,7,0,0,1,0,0,0,2,3,0,0,0,0,0,1,0,45,0,0,0,0,0,1,0,0,0,0,0,0,0,0,0,0,0,0,0,0,0,0,0,0,0,0,0,0,1,0,0,0,0,0,1,3,0,0,0,0,0,0,0,0,0,0,0,0,0,0,0,0,4,0,0,1,0,0,0,0,0,1,0,0,0,0,0,0,0,0,0,0,0
Idiomarina,3,7,1,0,3,0,717,17,1,0,14,80,0,0,0,0,0,0,0,13,14,0,0,1,0,1,2,1,0,1,0,2,1,22,0,2,0,0,1,0,2,0,2,0,3,18,0,0,0,0,0,1,3,22,4,1,0,1,0,2,0,0,3,1,0,0,6,0,1,0,0,0,0,2,1,1,0,0,3,0,1,909,3,0,16,3,19,3,1,1,0,1,2,0,37,0,1,1,266,3
Intestinimonas,5,0,0,0,0,0,2,2,0,0,30,0,1,6,4,0,53,1,0,0,0,1,0,40,0,0,1,1,11,0,0,1,0,0,3,0,0,0,4,6,3,1,1,16,7,1,1,1,0,2,2,4,0,0,0,3,0,0,1,4,3,9,0,0,1,0,0,1,0,39,0,3,0,0,1,0,1,0,0,1,0,0,2,36,5,1,19,2,11,9,0,1,1,1,0,9,1,0,0,1
Izimaplasmatales/uncultured_organism/unknown,5,1,1,2,2,1,2,2,2,3,0,0,0,1,1,0,1,1,0,0,2,0,0,0,0,1,1,0,0,2,0,1,0,24,0,1,54,6,0,0,1,3,0,0,30,0,2,0,3604,1,0,0,221,0,8,780,17,0,1,0,89,200,7,2,9,0,3,0,0,0,109,12,3,1,0,1,5,2,1,0,0,918,2,99,0,0,8,0,1,0,0,1,1,0,26,11,1,0,1,0
Klebsiella,0,2,31,0,2,59,6,4,10,2051,5,5,0,5386,6,1,3,3,166,0,13,0,2888,0,5,14,1,0,3,0,0,14,279,2,8,1,3,0,100,613,0,14,32,520,2,1,2,1,4,41,17,5,1,1,1,8,4,15,430,67,6,8,12,2,1,1,6,4,6,0,1262,6,1,7,4,19,40,2,31,395,8,3,3,304,26,1,3,36,4,5,1,5,342,54,2,19,16,0,3,2
Lachnoclostridium,180,110,81,172,128,176,401,737,96,65,222,975,134,88,326,78,278,213,556,448,427,377,205,151,141,804,310,261,221,315,444,376,475,975,240,221,100,308,125,65,229,406,335,370,608,430,263,165,618,61,70,175,119,200,81,83,289,261,187,230,94,736,267,114,432,121,281,106,712,660,74,222,663,117,271,275,221,88,578,417,336,1733,316,219,255,516,129,297,71,698,279,456,258,398,531,438,357,1159,369,151
Lachnospira,123,20,12,38,42,1160,208,10,16,4,174,11,2,2,3,6,14,640,422,139,149,12,6,63,31,366,33,5,7,900,372,641,19,8,313,40,5,6,45,1,217,20,102,3,2,3,75,19,253,27,4,4,92,3,3,35,1,21,213,4,93,3,311,3,6,11,101,8,271,3,252,1,5,13,9,231,566,2,5,29,85,121,7,5,10,4,27,6,1,4,23,141,44,22,33,12,20,10,123,5
Lachnospiraceae_AC2044_group,1,1,0,106,5,0,0,1,1,0,0,0,0,55,3,0,4,0,0,271,0,0,1,0,1,0,1,0,0,3,2,6,16,0,2,161,1,0,63,3,1,75,0,1,62,971,0,0,0,0,1,0,2,1,0,0,0,0,0,0,1,0,0,0,0,0,3,33,1,0,1,0,0,0,1,2,110,4,0,1,0,5,0,2,0,0,33,0,1,0,0,0,0,3,0,0,0,0,1,1
Lachnospiraceae_FCS020_group,0,0,0,0,0,0,0,0,0,0,0,0,72,0,0,0,0,0,0,0,0,0,0,0,0,0,0,2,0,0,0,0,0,0,0,0,0,0,0,0,2,1,0,0,0,0,0,0,0,0,0,0,0,0,0,0,0,0,0,0,0,0,0,11,0,0,0,0,0,0,0,0,0,0,0,0,0,1,0,0,0,0,1,0,0,0,0,0,0,0,1,0,0,0,0,0,25,0,0,0
Lachnospiraceae_NC2004_group,2,8,291,145,163,1171,227,1,39,274,11,75,422,265,307,154,137,540,141,197,434,1239,8,10,859,51,157,361,243,351,2,145,12,82,13,28,111,83,39,63,2,398,492,403,269,24,1195,721,90,9,43,400,44,54,21,328,20,13,35,977,155,3,31,88,321,40,302,43,230,2,94,225,4,8,83,641,176,154,15,161,121,117,90,88,488,2723,1,181,57,123,42,313,282,12,30,343,209,17,24,242
Lachnospiraceae_ND3007_group,27,10,10,239,2,13,141,442,20,50,50,130,7,139,99,84,34,3,34,103,9,56,714,1,28,40,4,70,60,237,11,25,169,4,158,13,34,58,44,283,48,65,49,20,29,64,19,20,192,8,45,35,78,52,37,1,7,70,152,34,107,4,2,33,40,88,236,220,78,2,1,78,91,68,18,3,5,7,203,50,60,1,5,24,1,85,265,111,5,2,662,126,4,35,99,8,4,42,293,295
Lachnospiraceae_NK4A136_group,949,561,33,242,212,481,29,691,533,69,378,263,574,851,1037,90,50,662,441,246,104,399,138,206,571,149,197,74,1882,224,72,80,149,104,80,91,993,52,334,174,411,435,419,98,184,130,621,1046,49,147,200,206,328,102,995,262,1749,167,36,200,1000,1291,370,205,42,87,243,252,324,1424,401,481,827,407,228,153,519,148,388,14,393,268,223,263,473,211,366,24,169,1222,192,326,92,36,86,109,103,116,209,14
Lachnospiraceae_UCG-001,4,5,1,113,15,4,5,165,154,6,144,50,37,8,4,296,46,9,10,7,52,20,10,5,30,10,8,13,18,12,18,139,9,36,93,9,146,84,14,0,4,13,10,40,27,40,101,1,4,1,6,6,99,10,59,7,10,32,7,69,12,12,14,5,207,22,11,0,19,33,46,8,16,14,19,4,29,9,68,21,30,3,40,5,7,5,21,231,16,43,21,0,6,6,65,3,55,3,9,10
Lachnospiraceae_UCG-003,0,1,1,0,1,5,1,45,0,0,0,1,0,0,0,0,0,0,0,127,0,0,0,0,1,0,0,8,1,0,0,0,0,0,0,0,1,0,0,0,0,1,0,22,0,0,3,0,0,0,0,2,0,0,0,1,0,0,0,1,1,0,1,4,0,0,0,1,1,0,1,0,1,0,0,15,1,0,0,0,1,0,0,0,0,2,0,0,0,0,3,1,1,0,0,1,1,1,0,1
Lachnospiraceae_UCG-004,1294,6104,9405,1155,7338,947,7179,66,43,1117,6971,592,805,4752,123,4215,471,2254,770,1582,370,3368,1912,806,632,2960,4705,2537,4630,2932,418,712,4436,1128,867,1142,350,200,1374,2450,5950,4883,771,1773,3531,3213,506,2160,673,2027,4887,3719,1691,174,290,1775,2187,2321,9145,696,5066,116,950,5851,2261,634,3059,928,2389,1318,4895,2160,35,5097,3338,1907,2634,832,11998,437,4370,505,785,163,716,3637,4120,946,1573,1276,1631,832,2036,211,4013,1670,2511,2161,3736,512
Lachnospiraceae_UCG-008,546,865,462,802,308,372,983,302,488,1158,1422,1313,1316,654,1082,430,1632,705,224,940,687,2291,690,437,675,384,802,1201,710,602,187,572,1137,1012,655,430,727,1143,765,682,436,1444,221,287,1073,854,1691,174,1132,766,149,156,716,2765,2023,1426,1854,1455,425,529,1148,337,1309,1953,4856,1066,1638,631,1012,810,533,2446,289,316,906,51,396,531,241,215,1354,1857,1303,135,410,810,379,693,1230,187,3383,932,1138,911,6730,1980,797,2103,606,793
Lachnospiraceae/uncultured,33,1066,96,68,667,207,460,43,197,58,94,315,91,1103,98,161,56,94,183,165,39,509,69,29,340,19,58,31,76,207,67,82,48,755,180,75,71,134,226,73,394,115,124,549,108,180,35,83,39,239,85,527,73,380,34,168,120,234,272,206,38,234,30,267,399,157,1993,90,73,73,114,802,335,71,46,253,202,239,66,328,141,69,56,225,104,169,113,313,139,115,11,97,1047,162,16,31,72,55,25,79
Lachnospiraceae/uncultured_bacterium,1,0,0,2,1,1,1,1,3,0,0,0,1,2,1,19,20,0,0,12,1,1,1,1,5,0,2,2,53,0,0,0,16,1,0,101,1,0,1,7,2,0,0,4,0,3,0,3,1,9,3,26,0,1,2,0,3,1,1,1,0,2,0,1,2,18,3,4,0,0,1,2,4,1,0,2,13,0,2,0,2,0,0,2,0,0,0,1,5,17,0,0,0,5,0,1,1,6,0,13
Lachnospiraceae/unknown,21,106,124,4,17,10,28,320,2,57,1,11,2,19,6,120,7,14,22,11,32,11,7,24,9,39,11,2,70,73,8,6,9,39,46,36,7,6,46,0,42,5,42,1,96,109,9,0,20,26,103,32,12,63,4,8,9,9,8,100,82,6,3,5,22,2,6,23,2,69,1,2,3,24,19,15,18,57,5,16,50,27,18,6,53,11,9,47,16,19,27,1,4,16,6,7,16,32,1,6
Lactobacillus,0,0,0,0,1,0,1,0,3858,0,0,0,0,1,0,0,4,0,0,0,1,0,2,2,3,0,2,0,1,45,1,0,1,2,8,0,13,0,0,0,4335,0,0,1,0,2,0,1195,0,0,2,0,0,1,0,9,0,0,0,0,0,0,0,0,1,2,0,0,0,54,0,1,23,0,0,0,0,0,0,0,0,0,0,0,1,0,1,1,1,71,13618,0,0,0,0,2,0,0,6,13
Megamonas,0,1,2,2,33,0,0,0,3,1,0,1,0,0,0,0,0,131,0,13,1,4,0,0,1,1,1,0,0,0,12,0,0,0,0,0,3,0,0,0,3,0,1,2,2,1,0,1,43,2,1,2,3,0,1,0,3,1,8,10,0,1,0,0,2,1,8,0,0,4,2636,0,1,0,2,9,12,1,2,0,0,1,0,2,0,42,0,0,7,1,0,0,2,0,1,17,1,0,0,0
Megasphaera,0,1,26,0,5,1,0,0,0,2,2,0,2,0,106,27,0,0,0,0,2,1,0,1,17,0,1,0,1,0,123,0,0,0,1,0,175,2,0,0,1,1,1,1,2,0,0,0,1,0,37,1,0,0,2,0,3,2,74,11,0,0,17,0,0,0,0,1,0,5,0,0,580,0,0,0,0,0,190,0,3,10,2,1,0,0,65,1,0,0,0,3,3,4,0,0,0,0,4160,431
Mitsuokella,1,0,0,0,0,0,0,0,0,0,1,0,1,1,1,0,0,0,2,2,0,0,0,0,0,0,0,0,0,0,0,0,1,0,41,0,0,0,0,0,0,0,0,0,0,96,0,42,0,0,0,0,0,0,0,0,1,0,0,1,0,0,125,0,0,1,185,0,0,1,1,0,0,0,0,1,0,0,0,0,0,0,0,0,0,107,0,3,0,1,0,0,0,1,0,0,0,0,0,6
Mollicutes_RF39/unknown/unknown,0,0,0,2,0,6896,0,0,0,0,0,4,0,0,0,0,0,0,0,1,6,2,0,1,3,1,0,1,0,0,0,0,0,4,0,0,0,0,2,0,0,0,0,0,0,0,0,0,0,0,0,0,1,0,0,0,0,0,0,0,0,5,1,0,0,0,0,0,0,0,0,0,0,0,0,0,0,1,10,0,0,0,0,0,0,0,0,0,0,0,0,1,0,3,0,0,0,0,0,0
Moryella,12,20,21,225,27,32,233,61,39,59,13,738,1,4,2,6,4,140,164,23,113,41,82,54,11,9,26,160,44,28,99,14,47,42,39,32,103,151,65,8,21,13,31,17,75,10,31,119,18,21,61,767,29,87,21,9,39,28,43,57,16,65,31,24,150,53,52,205,173,15,35,13,23,1,80,628,292,7,183,44,26,25,20,64,1,14,17,7,109,24,44,84,17,119,41,52,45,17,29,22
Muribaculaceae/gut_metagenome,0,0,0,0,0,0,0,0,0,0,0,0,0,0,0,0,0,0,0,0,0,3,0,0,0,0,0,1,0,0,0,0,0,0,0,0,0,0,1,0,0,0,0,0,0,0,0,1,0,1,0,0,0,0,0,0,0,0,0,0,0,0,0,0,0,0,0,0,0,0,0,0,0,0,0,0,0,0,6,0,0,0,0,0,0,0,0,0,0,0,0,0,0,0,0,0,0,0,0,0
Muribaculaceae/uncultured_bacterium,56,1355,434,103,70,52,7,15,391,1510,411,19,1986,46,10,17,4546,1401,26,331,16,9,133,22,15,15,641,6,279,37,875,993,420,243,414,823,244,25,160,2548,181,55,57,8646,2633,22,6,2461,66,176,22,842,38,1823,351,586,327,6,290,15,771,1818,298,673,13,118,852,155,22,20,110,62,304,1085,19,253,665,19,75,325,362,204,2268,25,1611,16,112,46,346,28,174,27,50,279,206,7714,144,53,6,205
Negativibacillus,1,0,27,0,1,0,6,2,42,0,4,23,1,1,4,6,0,3,45,0,49,36,28,0,7,17,13,0,0,46,37,0,0,15,0,9,8,12,4,6,1,11,14,2,1,0,0,1,100,2,2,6,1,0,0,61,1,2,53,147,4,42,5,5,1,1,6,2,1,1,104,8,2,0,17,407,1,27,269,2,4,25,11,0,0,0,1,0,0,0,0,1,29,1,0,1,56,4,34,19
Odoribacter,58,297,21,5,46,151,18,70,23,27,99,79,90,121,89,160,48,205,4,10,66,2,102,25,41,234,90,24,1,36,43,9,31,73,537,1001,46,71,228,88,27,258,439,248,122,158,43,2,305,5,9,469,81,30,578,91,1532,404,13,172,80,46,1,34,98,881,231,47,31,83,34,22,131,411,123,100,135,2,67,1,6,3,7,159,32,89,72,9,186,2621,67,194,38,4,24,30,188,28,12,47
Oscillibacter,227,38,2,46,8,29,11,2,47,76,329,20,22,42,22,33,51,6,11,130,23,66,97,7,4,21,79,46,67,82,77,78,329,29,90,1,12,28,231,14,6,19,11,56,2,18,16,21,77,27,30,6,69,2,5,23,77,45,95,8,11,6,19,0,4,17,31,24,34,27,15,32,2,6,11,30,55,21,1,34,12,22,3,33,226,3,23,6,20,10,7,42,12,38,24,16,26,92,9,6
Oscillospira,0,0,9,46,4,0,0,0,3,0,0,0,0,1,0,0,0,0,0,0,0,0,0,0,0,0,1,0,0,0,0,0,0,5,0,1,0,3,0,0,1,0,1,0,1,0,0,0,0,2,0,0,0,1,0,0,0,0,0,0,1,0,2,0,1,17,1,1,0,0,0,0,0,0,0,23,0,6,0,0,7,0,22,7,0,0,0,0,1,0,0,4,0,0,0,0,2,0,0,0
Parabacteroides,331,196,424,653,3050,333,306,809,1541,1753,201,17,252,1122,129,443,776,621,335,205,257,1350,120,182,463,64,103,192,253,806,174,42,1553,1907,481,183,207,996,2475,9,4224,720,276,306,239,1647,859,361,261,1511,140,411,98,719,162,85,2252,73,233,823,587,172,81,528,506,607,76,679,250,191,470,118,630,338,7,415,29,677,479,356,787,9,353,186,298,4684,328,987,886,1960,382,874,229,216,428,2480,163,70,218,377
Paraprevotella,22,1,1944,0,2,189,0,40,0,8,15,9,3,0,0,2,62,81,30,1,249,1,176,131,2,1,67,2,4,4,2,2,1,0,227,0,49,2,4,499,1,5,3,0,10,0,1,0,21,59,3,2,4,1,18,0,1,2,1,222,34,95,3,1,507,10,0,357,0,223,1,2,4,4,1,163,5,3,13,489,32,4,0,1,5,2,5,23,0,1,6,0,2,1,5,1,10,4,4,2
Parasutterella,9,29,1,2,8,1,89,21,7,310,6,4,0,42,1,13,0,88,128,0,1340,152,1,214,0,280,6,0,32,1252,96,0,1691,30,42,4,400,21,0,39,32,0,132,3,458,38,6,969,332,8,0,2,63,237,0,1,57,14,47,919,3,659,55,14,79,1,2,16,3,5,35,48,2,73,2,20,644,0,0,28,996,6,8,8,0,25,1,155,507,4,10,22,2,7,0,459,11,1,64,501
Peptostreptococcaceae/uncultured,0,19,7,0,0,4,106,6,15,8,2,23,3,3,147,131,1,41,6,4,1,76,21,1,10,17,8,67,38,905,9,24,102,3,207,2,2,2,5,0,2,6,219,6,1,4,60,3,15,38,7,1,134,1,33,4,854,0,0,61,0,56,3,3,268,396,24,12,148,2,15,18,4,127,3,1,11,3,52,39,41,3,21,4,8,22,6,16,65,1,179,15,61,0,705,2,349,1,3,9
Phascolarctobacterium,521,45,361,255,8,61,16,198,1,401,10,112,186,16,1018,8,535,521,2809,58,1103,401,106,10,481,1314,6,5,7,7,601,13,58,246,198,869,320,155,548,210,147,624,175,272,151,463,13,99,11,153,689,12,82,11,1,109,3,720,15,13,642,4,565,5,512,113,181,806,45,119,109,221,275,539,186,219,2644,1,727,553,91,3,342,109,343,21,104,1113,133,2,67,356,335,144,49,1333,122,2,102,725
Prevotella_1,671,229,1,1,32,1,1,3,13,2,0,132,0,66,3,18,70,6,3,0,0,3,8,2,31,0,3,0,10,2,2,2,5,13,0,2,1,4,60,3,358,1,509,7,106,5,0,10,1,0,3,1,157,27,204,63,0,232,1,102,54,2,298,14,2,1,557,3,0,3,21,121,0,220,142,4,0,1323,11,5,531,6,5,2,1,164,0,451,0,18,4,3,22,0,2,1,970,3,186,143
Prevotella_2,2,0,0,2,2183,0,0,22,0,0,4,1,4,2,0,7,0,1,4,0,0,3,0,0,2,1,6,0,3,1,4,0,0,0,1,3,3,2,0,3,710,0,5,1,1,0,0,2,0,1,1,0,2,0,3,11194,2,0,0,2,0,2,1,1,0,0,2,0,2,1,0,1,0,0,0,2,1,0,0,1,1,3,0,2,0,1,6,0,1,0,1,0,0,0,2,4,0,0,0,0
Prevotella_7,4,2,0,0,0,2,0,2215,3,2,0,0,1613,0,159,0,0,1,0,2,4,1,1,2,0,0,2,0,0,0,2,0,1,1641,0,1,0,0,138,0,0,0,0,0,22,1,0,226,0,2,0,2,0,3,0,0,2,2,0,0,1,1,2,2,0,0,8,2,1,0,4,2,2,1,2,4,1,1,2,0,3,2,45,0,2,0,1,0,0,1,0,2,0,0,0,5,0,3,1,22
Prevotella_9,69,32,30,29,35,13,22,17,17,21,37,34,31,17,108,55,29,35,37,59,78,1742,84,256,36,91,6654,144,15,15082,302,1238,341,12,4421,8108,470,43,9232,12982,28,44,21,13965,114,66,53,15,5029,457,795,13,2834,24,41,38,25,10659,70,25,16073,26,40,115,71,40,18453,5857,54,22,64,6164,97,21,12,384,48,19,56,62,1027,288,51,29,29,23,35,10,10,40,13791,93,458,223,15182,25,84,41,198,94
Prevotellaceae_NK3B31_group,0,0,0,0,0,1,1,0,4,0,0,0,0,0,0,3,1,0,2,3,0,0,0,0,0,1,0,0,1,0,0,0,0,0,1,0,0,0,1,0,0,0,0,0,0,2,0,0,1,0,0,0,0,0,0,0,0,1,0,0,0,0,0,0,1,0,0,1,0,0,0,3,0,0,5,5,0,0,2,0,6,0,0,0,1,2,0,0,0,0,0,0,0,0,0,0,0,0,3,0
Prevotellaceae_UCG-001,0,0,2,0,0,15,1,0,49,4,0,0,6,4,20,1,0,1,0,0,0,0,0,0,2,0,1,1,3,1,0,10,2,0,1,3,1,0,12,0,18,0,16,0,1,3,1,2,7,1,5,0,1,0,70,8,0,73,6,0,0,7,2,0,0,0,1,0,1,2,1,2,0,8,2,1,0,0,0,1,10,1,0,1,3,1,0,1,1,0,9,1,2,0,7,2,74,0,2,5
Prevotellaceae_UCG-004,0,3,0,0,0,0,0,0,0,0,0,0,0,0,0,0,0,0,0,0,0,0,0,0,0,0,0,0,2,0,0,0,0,0,0,0,0,0,0,0,0,0,0,5,0,0,0,0,0,0,0,0,0,0,0,2,0,0,0,0,0,0,0,0,1,0,0,0,0,4,0,0,0,0,0,0,0,0,1,0,0,0,0,0,0,0,0,0,0,0,0,0,0,0,0,0,2,0,0,0
Prevotellaceae/uncultured,4,0,0,0,122,0,0,0,0,0,7,0,0,0,0,0,0,3,0,0,0,1,0,0,0,97,0,0,0,0,0,0,0,0,0,0,247,0,0,0,0,1,0,0,0,0,0,0,0,0,2,0,0,0,0,0,0,0,0,0,4,0,0,0,0,1,0,0,0,0,101,0,0,0,0,0,0,0,0,0,0,0,1,0,0,0,4,1,0,0,193,0,0,0,0,1,1,0,1,0
Prevotellaceae/unknown,0,39,0,0,0,2,4,0,0,0,0,1,184,0,64,6,3,0,0,1,0,0,0,0,0,0,0,1,0,0,0,0,0,0,0,0,0,0,0,0,94,0,1,0,0,0,1,0,1,3,0,42,0,0,1,0,1,3,0,0,0,0,0,0,0,0,0,3,0,0,0,1,0,0,0,0,1,0,0,0,40,119,0,0,0,0,0,0,0,0,0,0,0,1,0,0,0,1,0,0
Puniceicoccaceae/uncultured,22,0,2,1,0,0,6,0,0,1,2,0,0,12,221,0,20,0,0,0,0,0,0,0,0,0,0,0,0,0,1,1,0,0,0,1,0,0,0,0,0,197,0,0,0,0,0,0,0,0,0,0,0,0,0,71,0,0,0,2,0,0,0,0,0,4,0,2,0,0,0,0,0,0,0,0,0,1,0,0,0,0,0,0,0,0,8,0,0,0,0,0,0,0,2,0,0,0,0,0
Rhodospirillales/uncultured/gut_metagenome,0,0,0,0,1,1,0,2,0,1,16,2,4,0,0,3,5,2,0,33,0,1,0,259,3,1,2,1,0,7,1,1,39,1,0,152,0,0,0,0,1,1,0,1,42,0,52,0,0,3,0,0,0,2,3,35,125,1,3,2,0,1,2,1,0,0,0,1,0,4,1,3,2,1,18,667,5,9,32,0,1,7,3,0,2,67,0,1,0,0,685,1,1,1,412,1,0,1,5,1
Rhodospirillales/uncultured/uncultured_bacterium,0,2,0,2,0,0,1,5,0,3,4,0,7,2,1,2,0,0,8,1,1,0,919,30,8,0,4,18,0,0,662,0,526,0,2,0,1,0,3,0,3,0,6,0,1,0,0,0,2,15,4,0,1,2,0,10,0,292,11,1,0,1,1,2,6,4,1,6,0,5,2,0,25,1,3,0,0,0,15,3,0,0,0,0,2,1,74,0,1,0,0,1,0,1,758,1,1,2,1,0
Rikenellaceae_RC9_gut_group,0,0,0,0,0,0,0,0,0,0,0,0,0,0,0,12,0,1,0,0,5,0,1,0,2,0,1,0,0,1,0,0,0,0,0,0,3,1,0,0,0,0,0,0,0,0,0,0,0,0,0,0,0,0,0,1,0,0,6,0,0,3,0,0,0,0,0,0,0,0,0,3,1,0,0,1,0,0,0,0,0,0,0,4,0,0,0,2,3,1,0,10495,0,1,0,1,0,1,0,0
Roseburia,365,734,1761,1793,266,492,3475,1212,269,85,1112,458,323,1753,763,499,963,481,314,34,873,2563,1603,14,920,58,816,609,232,192,297,480,297,2981,1020,219,12,268,2105,2308,160,145,375,1065,1513,1724,190,2514,1509,2070,1500,297,1222,1719,281,232,852,915,1116,1134,442,1608,1520,1256,460,2776,182,781,163,1554,1271,295,199,1728,818,3878,658,1275,2025,2371,236,810,817,4822,214,766,267,1248,369,123,259,440,1141,720,1106,682,645,1244,837,635
Ruminiclostridium_5,194,386,174,13,132,38,32,46,9,227,132,124,231,326,196,27,74,12,69,64,167,49,57,223,134,178,19,153,126,136,16,62,177,230,92,103,127,136,149,103,29,27,8,101,223,15,41,79,86,1187,53,116,34,215,41,228,54,1244,264,243,61,71,124,48,206,27,120,170,34,914,23,51,167,85,77,63,58,1003,177,257,31,574,113,17,207,564,45,97,68,28,100,77,65,46,31,349,89,108,53,74
Ruminiclostridium_6,13,4,15,10,1,4,2,71,30,547,37,112,278,94,10,1528,3,31,4,12,783,2813,662,4,5,39,2,326,9,485,113,25,56,2,1,26,4,3,6,225,4,4,17,76,2,4,15,2,2,164,6,13,19,1,5,1,1,683,6,8,3,93,11,2,1,1,2,4,7,616,13,175,5,270,98,2,6,20,356,691,450,2,1555,20,1176,4,39,2,118,1,5,8,161,4,3,4,3,131,188,0
Ruminiclostridium_9,9,19,515,229,65,15,75,17,100,26,10,67,74,9,200,67,368,206,174,809,12,34,98,206,83,41,19,44,49,11,64,66,14,36,11,82,276,9,28,37,221,34,66,102,161,13,0,29,39,22,223,404,34,22,33,430,49,95,53,7,2,11,28,19,56,123,55,80,30,79,24,14,203,27,21,64,92,66,9,79,15,71,5,11,18,8,47,6,82,58,203,59,47,11,216,14,14,34,69,91
Ruminococcaceae_NK4A214_group,47,4,55,3,1,16,1,1,6,1,1,34,61,29,7,17,55,43,2,154,760,585,1,11,0,29,12,28,71,506,9,33,13,356,5,4,7,6,483,370,2,0,0,39,13,2,1,30,22,0,62,481,2,4,56,166,7,0,6,26,0,1,0,9,2,0,2,2,38,477,3,7,450,47,1,2,31,2,62,43,15,44,10,27,44,46,3,59,276,2,18,3,34,120,1,1,20,2,434,100
Ruminococcaceae_UCG-002,133,997,19,42,36,196,414,10,519,219,308,183,5,66,922,70,762,383,315,591,139,34,253,195,144,465,173,36,128,902,1142,189,695,27,396,104,127,578,231,115,35,60,273,141,45,78,564,22,740,799,337,105,410,73,187,270,260,189,710,515,4487,524,52,199,442,154,39,7,564,164,37,1009,627,59,73,16,10,8,15,304,586,165,243,796,1498,389,154,308,1592,548,437,248,123,458,103,477,1021,67,147,452
Ruminococcaceae_UCG-003,48,3,15,107,13,2,0,58,2,197,5,0,37,48,3,5,32,9,35,26,51,3,6,4,1,29,27,12,0,2,43,8,0,3,56,16,43,36,18,1,1,2,135,40,16,31,5,34,39,30,14,5,43,5,5,16,1,211,2,30,26,9,9,63,8,136,3,16,6,1,6,0,4,1,2,19,5,0,18,13,3,2,13,36,1,14,1,1,0,6,1,63,0,9,1,27,26,9,34,0
Ruminococcaceae_UCG-004,6,5,9,10,19,5,36,13,18,4,4,0,19,6,6,8,1,64,30,10,2,3,7,5,1,3,0,20,5,8,4,16,120,13,2,40,4,24,1,12,26,9,35,28,4,5,8,9,3,8,9,23,1,13,5,5,5,13,1,36,7,1,11,94,3,3,3,18,22,55,18,8,3,0,10,50,5,9,17,1,3,33,23,3,7,18,1,13,5,12,11,18,0,2,1,25,1,1,4,28
Ruminococcaceae_UCG-005,24,38,269,36,36,102,31,213,19,224,51,9,10,487,103,691,76,13,3,15,2,60,38,0,12,1,1,27,20,79,65,164,3,4,76,3,0,0,815,7,2,6,15,17,31,150,1,246,64,5,31,4,144,39,128,67,4,48,10,5,5,0,15,19,2,18,40,0,3,3,254,36,29,4,7,3,6,4,344,3,35,27,2,220,21,106,8,128,48,100,15,9,191,21,42,16,6,24,14,5
Ruminococcaceae_UCG-010,1,0,21,583,3,49,0,78,39,1,1,0,21,25,2,112,17,0,1,3,2,115,38,1,0,78,159,2,3,0,29,1,0,5,2,0,2,0,24,1,1,10,1,30,19,110,1,1,3,2,4,1,2,3,2,1,1,126,83,3,17,1,0,1,2,113,4,36,0,168,0,8,0,23,107,332,1,2,6,1,26,1,16,47,6,80,99,2,188,17,7,22,1,0,4,48,14,79,151,0
Ruminococcaceae_UCG-011,1,3,0,0,0,61,0,9,0,0,1,1,0,0,0,1,2,4,0,0,0,1,0,0,19,0,0,0,1,0,0,0,2,0,1,1,0,0,0,0,0,5,11,3,1,3,1,0,6,1,0,16,2,3,3,0,184,1,12,19,100,0,4,2,1,4,0,5,0,0,3,0,1,1,0,0,0,0,0,290,0,4,0,0,12,0,0,0,14,1,0,4,0,6,22,0,74,53,0,3
Ruminococcaceae_UCG-013,57,4,130,148,40,68,3,87,30,142,69,23,3,5,0,62,63,192,48,87,6,60,47,23,31,149,110,14,132,61,116,8,0,0,87,0,18,11,2,28,50,75,10,104,59,46,312,60,728,38,19,3,31,70,85,3,401,53,387,70,53,49,66,288,70,32,181,94,49,3,67,36,89,328,18,10,15,10,67,24,20,14,1,5,707,64,213,51,64,5,37,43,106,102,21,143,212,209,2,106
Ruminococcaceae_UCG-014,618,536,106,160,666,3,0,52,2,279,28,135,334,3,1,65,9,24,41,15,4,16,1,3,0,12,5,120,57,7,154,20,227,11,95,14,447,1,9,11,96,4,183,269,1,111,520,54,2,4,5,1,4,52,199,7,428,0,1,105,3,22,12,52,191,172,114,116,162,47,55,601,889,85,85,6,429,3,500,288,4,8,1,1041,84,408,254,2,20,0,1158,5,14,2,12,827,14,4,1,25
Ruminococcaceae/uncultured,83,9,134,239,6,5,135,33,43,28,121,35,6,11,4,64,76,11,29,21,41,9,162,36,11,188,21,1,192,427,18,336,17,27,94,36,15,49,82,16,18,74,186,50,41,133,8,25,8,29,1,83,56,16,55,44,5,8,50,38,16,6,14,5,2,9,11,30,3,204,3,6,44,55,35,47,91,14,13,114,148,13,183,37,83,43,51,13,87,1,11,34,7,38,46,180,22,46,0,120
Ruminococcaceae/unknown,2,0,0,0,0,1,1,0,0,0,0,0,0,0,1,0,0,0,0,0,88,0,0,0,0,0,0,0,0,1,0,0,0,0,0,0,1,3,0,0,0,0,0,0,0,3,0,0,5,3,0,0,2,0,345,0,0,0,2,0,0,0,0,0,1,2,0,1,0,0,0,0,0,0,0,1,0,0,0,1,0,0,2,0,0,0,0,0,0,1,0,0,3,0,0,0,0,1,0,0
Ruminococcus_1,186,1877,1359,939,35,483,874,651,451,1177,52,253,449,310,112,433,16,2017,651,436,199,745,4,760,321,982,312,812,805,362,371,883,451,512,85,246,1355,703,2122,117,12,24,1951,268,147,467,223,250,2982,1572,1678,268,355,552,113,1564,752,52,588,810,606,1902,931,757,186,252,2205,589,413,420,164,693,787,2205,85,1174,746,1591,307,691,532,629,653,286,258,195,95,2334,541,1736,608,72,146,2131,591,1368,341,872,275,387
Ruminococcus_2,699,3,319,10,39,7,155,516,637,495,133,8,9,42,23,63,44,72,3,5,9,154,19,36,28,137,208,14,12,167,31,63,7,56,76,1,959,1,7,45,52,88,112,33,126,177,2,57,90,204,584,345,29,20,1344,432,1,144,276,4,315,552,34,336,4,2,272,229,11,53,815,18,54,31,29,72,8,282,3,7,2,50,20,5,4,3,214,16,123,213,2,23,0,64,40,79,186,151,3,28
[Ruminococcus]_gauvreauii_group,18,0,96,187,109,30,7,8,3,7,153,12,292,39,113,2,47,193,53,42,12,67,146,34,43,45,63,95,212,70,16,0,7,3,43,19,17,90,44,1076,97,93,117,221,34,14,8,24,9,26,211,70,104,61,16,43,10,8,39,59,32,655,238,151,15,54,88,69,299,84,3,3,10,58,16,4,96,8,63,31,5,4,565,191,238,13,6,42,29,7,53,111,20,28,45,164,17,59,43,30
[Ruminococcus]_gnavus_group,11,9,50,4,91,5,16,26,98,78,3,37,1,89,1,6,19,264,3,4,24,49,0,1704,13,41,78,7,17,53,35,27,1,3,257,90,17,0,2,1,10,4,32,4,0,1,11,9,161,120,87,1,7,3,42,1,20,16,16,86,0,1,40,154,2,1,0,0,0,1,21,57,1,1,0,2,126,16,34,8,2,9,4,7,0,1,13,0,11,736,61,1,0,6,95,12,1,5,1,2
[Ruminococcus]_torques_group,334,333,1113,364,476,303,382,946,1606,1105,935,318,295,248,431,65,127,915,1355,84,94,138,3106,1367,1289,639,2148,536,238,296,958,1618,1741,714,308,461,389,2413,726,389,842,2155,264,2918,1457,821,114,427,521,1095,1217,158,473,385,1998,1964,261,395,533,1384,1590,687,543,1250,376,601,695,2843,1772,269,212,441,457,1092,773,15965,794,4474,98,432,1364,728,213,1081,249,1403,209,615,65,845,239,685,668,1126,385,443,110,17,902,735
Sellimonas,0,0,1,0,0,1,2,9,9,9,1,0,15,1,0,4,0,85,0,0,0,0,9,0,0,1,5,0,4,1,212,41,0,0,0,0,0,1,0,21,5,1,0,1,1,1,1,171,0,0,3,0,0,4,3,1,4,0,0,0,47,4,25,0,2,1,1,0,2,0,35,1,0,117,0,0,4,0,4,1,3,0,0,47,3,0,0,1,1,0,3,23,3,1,0,0,1,0,5,228
Senegalimassilia,0,0,0,14,101,0,0,28,0,2,1,7,2,0,0,0,0,0,0,0,0,16,0,0,25,9,0,0,1,0,0,6,0,24,2,0,0,0,0,7,0,3,29,0,0,0,0,0,0,8,0,0,0,0,0,0,0,7,0,0,30,1,0,3,0,9,4,9,20,0,0,0,0,11,1,0,0,0,0,142,0,0,0,0,5,0,0,0,0,37,3,1,0,1,0,0,0,0,0,0
Shuttleworthia,0,1,0,4,0,1,0,0,0,0,16,40,8,0,0,0,12,1,1,4,0,7,0,13,82,0,0,12,3,0,5,0,0,1,0,1,1,0,0,7,5,6,0,17,0,0,6,0,0,0,3,0,0,0,0,0,0,32,0,0,0,7,5,1,0,2,6,0,0,0,26,0,1,7,1,0,0,0,1,0,0,6,14,0,0,0,1,1,0,4,0,0,1,0,0,0,0,0,0,0
Slackia,0,0,6,0,3,0,0,23,0,1,0,0,0,0,51,0,0,0,0,0,0,1,1,0,0,0,1,44,0,2,18,0,15,0,0,3,18,0,0,0,0,47,99,0,0,1,1,0,0,0,9,0,0,11,0,0,0,0,42,0,0,0,1,3,17,12,9,0,1,0,1,1,0,0,0,2,0,0,0,2,0,0,10,0,21,2,0,2,0,0,1,0,0,0,4,0,1,2,2,0
Streptococcus,60,7,6,49,6,43,37,6,66,0,62,38,57,7,6,25,17,8,45,65,12,20,21,83,5,73,3,63,5,3,33,2,16,14,10,0,4074,10,5,36,4,810,17,32,13,132,9,94,909,27,7,4,13,8,2,6,195,206,7,289,9,30,414,123,54,99,210,14,0,34,35,9,2,10,3,161,6,278,329,3,2,3,0,439,8,11,21,3,56,32,64,12,231,405,19,36,1600,20,2,7
Subdoligranulum,215,448,189,112,6,162,854,143,316,41,473,495,451,120,505,167,13,5,19,11,3,237,423,10,3,314,308,9,53,72,672,219,340,180,77,353,185,82,240,349,489,207,189,21,106,480,89,65,10,109,111,164,303,445,159,375,50,158,451,23,116,27,37,151,130,90,166,328,8,226,601,659,323,3,580,53,10,5,168,283,9,159,370,498,244,833,183,344,1271,7,76,119,204,2236,0,501,155,591,23,131
Succinivibrio,0,0,0,0,1,0,0,1,0,0,0,0,0,0,0,0,0,0,0,0,0,0,1,0,2,0,0,0,0,0,0,0,0,0,0,0,0,0,0,2,0,1,0,0,0,0,0,8,0,0,0,0,0,0,0,6,0,0,0,0,0,42,4,0,0,1,1,0,3,0,0,8,0,0,0,0,0,0,0,0,0,0,0,0,0,0,0,0,1,0,34,0,0,0,0,0,0,0,0,0
Sutterella,5,4,8,5,18,3,2,5,2,135,745,0,3,11,11,767,137,6,295,7,4,10,506,3,2,260,2,17,39,5,64,4,4,4,0,25,439,383,2,66,4162,1537,161,5,106,2467,703,1,145,544,1,3,5,6,8,16,3,255,4,138,3,5,7,140,285,0,59,25,3,448,47,21,4,40,4,59,547,308,0,56,133,4,6,2,16,1363,273,2,5,2,17,10,6,135,717,574,14,490,0,20
Turicibacter,2,5,24,0,7,0,2,7,1,46,0,2,3,3,46,49,2,2,3,0,67,93,8,0,1,2,0,1,1,0,1,0,12,464,0,2,53,112,11,38,1,0,0,1,4,1,7,1,0,7,1,14,0,370,0,1,0,1,0,3,6,8,0,1,0,0,0,0,0,19,0,2,1,0,0,19,9,4,0,2,3,34,30,1,4,2,1,1,0,0,5,0,0,0,0,0,17,2,0,21
Tyzzerella,0,193,1,6,0,2,58,7,56,2,90,0,3,89,2,1,2,155,0,0,23,276,1,1,0,2,0,4,52,0,0,343,13,0,3,127,12,0,1,2,1,87,3,1,0,26,3,1,3,89,0,24,2,0,3,342,2,44,0,181,30,3,10,2,0,1,12,13,1,5,4,2,2,0,87,0,1,0,307,1,45,0,5,1,2,2,2,2,1,0,2,147,1,1,5,0,3,3,0,27
Tyzzerella_3,2,50,3,0,15,3,105,8,4,5,9,9,9,572,505,1,58,0,1,10,399,50,0,21,405,1,12,56,109,14,13,252,30,11,9,4,33,2,109,178,58,3,8,6,2,5,1,2,33,2,5,2,1,24,2,14,1,8,103,8,2,4,110,39,41,5,14,10,12,7,22,1,6,7,2,1,40,0,21,618,3,9,12,100,63,33,57,0,13,0,0,53,153,536,1,0,10,7,2,250
Tyzzerella_4,0,0,1,2,21,2,3,0,0,0,0,0,0,0,3,7,1,6,0,0,7,0,0,4,2,0,3,0,1,138,1,1,4,2,0,4,0,0,0,0,0,32,0,14,0,3,0,0,0,0,3,1,3,0,0,10,0,19,1,2,4,0,0,3,0,0,1,2,0,0,3,7,4,0,1,16,2,0,0,13,1,0,0,4,0,1,3,3,0,1,3,0,0,0,1,3,0,1,0,0
UBA1819,0,0,0,4,7,1,0,5,3,6,1,1,3,16,1,13,3,88,3,0,6,8,1,0,5,2,3,7,2,6,5,23,4,116,1,1,16,6,2,2,3,1,5,10,6,0,58,6,1,8,3,0,2,2,2,4,1,22,0,1,3,144,16,2,3,54,1,12,10,2,4,4,1,5,3,14,0,1,1,407,2,2,0,0,3,0,1,6,5,1,1,1,1,2,0,0,3,2,6,5
UC5-1-2E3,0,6,1,1,0,4,0,14,1,157,0,6,0,5,21,2,4,0,1,2,0,1,2,14,78,3,1,0,2,0,94,0,1,1,0,0,37,81,0,18,19,0,2,1,0,0,0,0,1,7,0,1,1,49,7,17,4,1,2,1,0,38,0,0,1,49,1,12,0,0,2,0,1,0,0,0,1,26,3,2,0,0,2,0,0,1,1,1,0,0,1,2,1,0,2,6,1,1,0,0
Veillonella,6,2,5,6,29,2,0,9,0,0,0,0,2,157,0,0,1,5,1,5,1,0,156,0,3,21,0,4,552,7,1,125,0,7,11,3,1,2,2,3,1497,1,5,13,11,0,3,2,11,1,12,0,1,2,1,0,9,16,11,3,16,1,0,8,2,12,2,19,0,0,138,43,0,2,0,1,0,0,3,0,5,8,2,0,0,11,1,8,1,0,10,0,1,9,1,0,2,0,1,10
Victivallis,0,1,0,0,0,20,0,0,9,31,2,7,0,0,7,1,3,0,0,0,22,1,0,0,0,0,2,13,0,0,0,0,1,9,4,5,0,1,5,1,2,12,0,93,9,0,0,0,0,0,14,0,1,0,12,0,0,0,0,0,8,0,0,250,4,0,0,0,4,0,11,0,0,79,1,0,0,18,0,0,225,745,0,0,4,0,0,61,0,87,0,1,3,19,2,1,2,0,6,0
Weissella,0,0,82,0,0,0,0,0,3,0,0,0,3,0,0,0,0,0,0,0,0,0,6,0,0,0,0,0,0,0,0,2,0,0,0,0,0,0,0,0,2,0,0,0,0,0,0,1,0,1,0,0,0,0,11,0,0,0,1,0,0,1,2,0,0,0,0,0,2,0,0,0,0,0,0,0,0,0,0,1,0,0,0,0,0,0,0,0,0,0,0,0,0,0,0,0,0,0,0,0
